{"cameraMode":{"drawMode":0,"name":"Shaded","section":"Shading Mode"},"sceneLighting":true,"audioPlay":false,"sceneViewState":{"m_AlwaysRefresh":false,"showFog":true,"showSkybox":true,"showFlares":true,"showImageEffects":true,"showParticleSystems":true,"showVisualEffectGraphs":true,"m_FxEnabled":true},"in2DMode":false,"pivot":{"x":1.5460551977157593,"y":-1.3492225408554078,"z":8.71618366241455},"rotation":{"x":-0.04617061838507652,"y":-0.03146432712674141,"z":0.0014559092232957483,"w":-0.9984455108642578},"size":19.142168045043947,"orthographic":true}